book_id,title,author,category
1,Beat somebody newspaper several pick together.,Jennifer Martinez,Biography
2,Source most tonight scene moment least.,Christopher Sanders,Self-improvement
3,Paper face human stuff.,Charles Smith,Fantasy
4,Admit forward sometimes.,Jonathan Smith,Self-improvement
5,Strategy decide right.,Jason Bradshaw,Self-improvement
6,Activity yeah event.,Devin Lee,Biography
7,Itself natural community either.,Timothy Johnson,Romance
8,Successful reach action.,Sean James,Self-improvement
9,Of series box.,Chad Martinez,Science Fiction
10,Order land international.,Jessica Burke,Biography
11,Born always treat authority involve several.,Gary Smith,Self-improvement
12,Network church health.,Jeffrey Spencer,Fantasy
13,Machine push operation sense every defense.,Jermaine Howard,Fantasy
14,Trial continue great party hotel.,Patricia Ortiz,Fantasy
15,As low including side positive lawyer.,Carrie Perez,Self-improvement
16,Service more music half war suffer.,Christopher Gutierrez,Fantasy
17,Partner decision culture size provide.,Aaron Chapman,Romance
18,Newspaper I some help.,William Fry,Romance
19,Message whose Mrs finally consider.,Megan Schaefer,Science Fiction
20,Pick behind deal food.,Kathy King,Biography
21,Music interesting page start the enough.,Daniel Moon,Fantasy
22,Experience mother sing.,Heather Young,Science Fiction
23,Bed reality step.,Edward Gamble,Biography
24,Thousand approach two office.,Ryan Bennett,Romance
25,Feeling feeling seven.,Ryan Wheeler,Romance
26,Line here water.,Carolyn Brown,Fantasy
27,Or sense mention Republican look seek.,Sara Andrews,Romance
28,Product same value goal throw.,Deborah Harris,Fantasy
29,Whatever its question.,Christopher Scott,Science Fiction
30,Only my likely why teach note.,Victoria Wood,Science Fiction
31,Garden describe describe.,Mason Short,Self-improvement
32,Choose property power actually.,Meredith Reed,Science Fiction
33,Blue street job natural.,Ricky Adams,Self-improvement
34,Go sing of director.,Zoe Mcdaniel,Romance
35,Low dark from explain.,Christopher Campbell,Self-improvement
36,Young long nor.,Barbara Cabrera,Biography
37,Win indicate kitchen.,Wendy Fitzgerald,Romance
38,Fine girl husband believe now.,Charlotte Lewis,Biography
39,Fight between final citizen economy.,Kelsey Higgins,Science Fiction
40,Rate teach consider.,David Holland,Fantasy
41,Summer western contain possible attack.,John Eaton,Fantasy
42,Far record protect stage.,Courtney Phillips,Science Fiction
43,Suddenly top direction hair.,Suzanne Smith,Fantasy
44,Mother gun pick something.,Maureen Marshall,Self-improvement
45,Democrat soon tell section major.,Janet Rodriguez,Science Fiction
46,A change you charge.,Sara Perez,Fantasy
47,Crime particular language.,Alisha Marks,Self-improvement
48,Light two network usually our home learn.,Arthur Reed,Biography
49,True service effort indeed.,Daniel Brady,Biography
50,Task room network theory just rule.,Anna Smith,Biography
51,Store support response on.,David Glover,Biography
52,Lay across last study way.,Jodi Garcia,Self-improvement
53,Point itself son site.,Christopher Garza,Fantasy
54,West without yourself draw think enjoy.,Tyler Smith,Science Fiction
55,Billion discover power.,Krystal Taylor,Biography
56,Hold top garden.,Michael Johnson,Science Fiction
57,Fly one total.,Taylor Gallegos,Self-improvement
58,Your specific simply.,Kim David,Fantasy
59,Standard range feeling tell identify weight play.,Jennifer Rodriguez,Self-improvement
60,Manager behind cut forward article under.,Donald Bell,Self-improvement
61,Type effect responsibility.,Chloe Cooper,Self-improvement
62,Whole full citizen level population.,Joshua Kelly,Romance
63,Whose out research catch provide degree.,Ryan Hawkins,Science Fiction
64,Agent entire tree pressure total.,Todd Shelton,Biography
65,Manager director cup.,Amanda Garcia,Science Fiction
66,Behind time successful box employee arm.,Deanna Stewart,Biography
67,Data agreement cup happy little front people.,Kimberly Everett,Romance
68,How foot nearly may visit.,Aaron Cox,Biography
69,Front despite share run candidate.,Jacob Mendez,Fantasy
70,Thought law southern.,Andrew Rios,Fantasy
71,Final bag such cause approach stock.,John Huerta,Science Fiction
72,Real manage person follow mouth respond.,Patrick Singh,Self-improvement
73,Trial herself plan.,Danielle Parks,Fantasy
74,Together study wonder beyond simple.,Dakota Cowan,Science Fiction
75,Local worry cause threat.,Shelby Harrison,Self-improvement
76,Inside memory thought surface stop.,Heather Reed,Fantasy
77,Song threat bill bed thought.,Jeffrey Elliott,Self-improvement
78,Against to cell better.,Jesse Strong,Biography
79,Indicate sister bed.,Joshua Velazquez MD,Self-improvement
80,Throughout college support.,Charles Lee,Science Fiction
81,Pick inside generation.,Elizabeth Campbell,Fantasy
82,Laugh admit simply try return down.,Kyle Rivera,Science Fiction
83,Painting available individual rate weight.,Joseph Shepherd,Romance
84,Of home analysis.,Kelly Stone,Self-improvement
85,Activity order page its quite security.,Evan Flynn,Self-improvement
86,Table perform interest power argue pretty.,Timothy Kelly,Romance
87,Less else paper strong.,Felicia Hardin,Self-improvement
88,Always as opportunity.,Nicholas Lopez,Self-improvement
89,Because card left especially before admit.,Lucas Fuentes,Science Fiction
90,Pay clearly and.,Mariah Johnson,Self-improvement
91,Cup example heart central page.,Autumn Jones,Biography
92,Modern appear another traditional.,Heather Peters,Fantasy
93,Carry whose possible lawyer laugh final.,Jeffrey Lucero,Science Fiction
94,Hard whatever operation.,Krystal Moon,Self-improvement
95,Finally force develop cell.,Amanda Webb,Self-improvement
96,Admit house together policy.,Ronnie Petersen,Fantasy
97,Low leader act learn respond.,Darren Gray MD,Romance
98,Local create partner particularly difference deal.,Marissa Woodard,Romance
99,Very sign surface blood whom class.,Matthew Smith,Biography
100,Nice front item.,Anne Hughes,Biography
